usuario_id,nombre_usuario
1,usuario_1
2,usuario_2
3,usuario_3
4,usuario_4
5,usuario_5
6,usuario_6
7,usuario_7
8,usuario_8
9,usuario_9
10,usuario_10
11,usuario_11
12,usuario_12
13,usuario_13
14,usuario_14
15,usuario_15
16,usuario_16
17,usuario_17
18,usuario_18
19,usuario_19
20,usuario_20
21,usuario_21
22,usuario_22
23,usuario_23
24,usuario_24
25,usuario_25
26,usuario_26
27,usuario_27
28,usuario_28
29,usuario_29
30,usuario_30
31,usuario_31
32,usuario_32
33,usuario_33
34,usuario_34
35,usuario_35
36,usuario_36
37,usuario_37
38,usuario_38
39,usuario_39
40,usuario_40
41,usuario_41
42,usuario_42
43,usuario_43
44,usuario_44
45,usuario_45
46,usuario_46
47,usuario_47
48,usuario_48
49,usuario_49
50,usuario_50
51,usuario_51
52,usuario_52
53,usuario_53
54,usuario_54
55,usuario_55
56,usuario_56
57,usuario_57
58,usuario_58
59,usuario_59
60,usuario_60
61,usuario_61
62,usuario_62
63,usuario_63
64,usuario_64
65,usuario_65
66,usuario_66
67,usuario_67
68,usuario_68
69,usuario_69
70,usuario_70
71,usuario_71
72,usuario_72
73,usuario_73
74,usuario_74
75,usuario_75
76,usuario_76
77,usuario_77
78,usuario_78
79,usuario_79
80,usuario_80
81,usuario_81
82,usuario_82
83,usuario_83
84,usuario_84
85,usuario_85
86,usuario_86
87,usuario_87
88,usuario_88
89,usuario_89
90,usuario_90
91,usuario_91
92,usuario_92
93,usuario_93
94,usuario_94
95,usuario_95
96,usuario_96
97,usuario_97
98,usuario_98
99,usuario_99
100,usuario_100
101,usuario_101
102,usuario_102
103,usuario_103
104,usuario_104
105,usuario_105
106,usuario_106
107,usuario_107
108,usuario_108
109,usuario_109
110,usuario_110
111,usuario_111
112,usuario_112
113,usuario_113
114,usuario_114
115,usuario_115
116,usuario_116
117,usuario_117
118,usuario_118
119,usuario_119
120,usuario_120
121,usuario_121
122,usuario_122
123,usuario_123
124,usuario_124
125,usuario_125
126,usuario_126
127,usuario_127
128,usuario_128
129,usuario_129
130,usuario_130
131,usuario_131
132,usuario_132
133,usuario_133
134,usuario_134
135,usuario_135
136,usuario_136
137,usuario_137
138,usuario_138
139,usuario_139
140,usuario_140
141,usuario_141
142,usuario_142
143,usuario_143
144,usuario_144
145,usuario_145
146,usuario_146
147,usuario_147
148,usuario_148
149,usuario_149
150,usuario_150
151,usuario_151
152,usuario_152
153,usuario_153
154,usuario_154
155,usuario_155
156,usuario_156
157,usuario_157
158,usuario_158
159,usuario_159
160,usuario_160
161,usuario_161
162,usuario_162
163,usuario_163
164,usuario_164
165,usuario_165
166,usuario_166
167,usuario_167
168,usuario_168
169,usuario_169
170,usuario_170
171,usuario_171
172,usuario_172
173,usuario_173
174,usuario_174
175,usuario_175
176,usuario_176
177,usuario_177
178,usuario_178
179,usuario_179
180,usuario_180
181,usuario_181
182,usuario_182
183,usuario_183
184,usuario_184
185,usuario_185
186,usuario_186
187,usuario_187
188,usuario_188
189,usuario_189
190,usuario_190
191,usuario_191
192,usuario_192
193,usuario_193
194,usuario_194
195,usuario_195
196,usuario_196
197,usuario_197
198,usuario_198
199,usuario_199
200,usuario_200
201,usuario_201
202,usuario_202
203,usuario_203
204,usuario_204
205,usuario_205
206,usuario_206
207,usuario_207
208,usuario_208
209,usuario_209
210,usuario_210
211,usuario_211
212,usuario_212
213,usuario_213
214,usuario_214
215,usuario_215
216,usuario_216
217,usuario_217
218,usuario_218
219,usuario_219
220,usuario_220
221,usuario_221
222,usuario_222
223,usuario_223
224,usuario_224
225,usuario_225
226,usuario_226
227,usuario_227
228,usuario_228
229,usuario_229
230,usuario_230
231,usuario_231
232,usuario_232
233,usuario_233
234,usuario_234
235,usuario_235
236,usuario_236
237,usuario_237
238,usuario_238
239,usuario_239
240,usuario_240
241,usuario_241
242,usuario_242
243,usuario_243
244,usuario_244
245,usuario_245
246,usuario_246
247,usuario_247
248,usuario_248
249,usuario_249
250,usuario_250
251,usuario_251
252,usuario_252
253,usuario_253
254,usuario_254
255,usuario_255
256,usuario_256
257,usuario_257
258,usuario_258
259,usuario_259
260,usuario_260
261,usuario_261
262,usuario_262
263,usuario_263
264,usuario_264
265,usuario_265
266,usuario_266
267,usuario_267
268,usuario_268
269,usuario_269
270,usuario_270
271,usuario_271
272,usuario_272
273,usuario_273
274,usuario_274
275,usuario_275
276,usuario_276
277,usuario_277
278,usuario_278
279,usuario_279
280,usuario_280
281,usuario_281
282,usuario_282
283,usuario_283
284,usuario_284
285,usuario_285
286,usuario_286
287,usuario_287
288,usuario_288
289,usuario_289
290,usuario_290
291,usuario_291
292,usuario_292
293,usuario_293
294,usuario_294
295,usuario_295
296,usuario_296
297,usuario_297
298,usuario_298
299,usuario_299
300,usuario_300
